text,label
"Congratulations! You have been selected for the Sales Executive position. This is a limited time offer, act now! Please pay a refundable security deposit of $150 to confirm your slot and receive your welcome kit.",1
"Acme Corp is currently recruiting a HR Coordinator based in Toronto. You will work with a small, focused team and report to the department head. We offer relocation assistance and a standard benefits package.",0
"Work from home Graphic Designer opportunity! No interview needed, guaranteed job. Pay $99 registration fee today and receive your login credentials and starter kit within 24 hours.",1
"Urgent hiring! Sales Executive needed immediately, apply now and start earning $800 per week from home. No experience required. Send your bank details to receive the joining kit after paying a small registration fee of $49.",1
"Work from home Warehouse Associate opportunity! No interview needed, guaranteed job. Pay $25 registration fee today and receive your login credentials and starter kit within 24 hours.",1
"We are hiring a Graphic Designer at Wayne Enterprises. Responsibilities include collaborating with cross-functional teams, contributing to project planning, and delivering high quality work. Competitive salary and benefits offered.",0
Hooli seeks an experienced Business Analyst for our Denver team. This full-time position involves working closely with senior staff on key initiatives. Please apply with your resume via our HR portal.,0
"Work from home Business Analyst opportunity! No interview needed, guaranteed job. Pay $150 registration fee today and receive your login credentials and starter kit within 24 hours.",1
"Work from home Virtual Assistant opportunity! No interview needed, guaranteed job. Pay $25 registration fee today and receive your login credentials and starter kit within 24 hours.",1
Hooli is looking for a Marketing Associate to join our growing team in Seattle. The ideal candidate has 5 years of experience in the field and strong communication skills. Please submit your resume and cover letter through our careers page.,0
"Congratulations! You have been selected for the Graphic Designer position. This is a limited time offer, act now! Please pay a refundable security deposit of $75 to confirm your slot and receive your welcome kit.",1
Umbrella Solutions seeks an experienced Software Engineer for our Denver team. This full-time position involves working closely with senior staff on key initiatives. Please apply with your resume via our HR portal.,0
"Work from home Recruiter opportunity! No interview needed, guaranteed job. Pay $75 registration fee today and receive your login credentials and starter kit within 24 hours.",1
"Join Wayne Enterprises as a Customer Service Representative! We offer a comprehensive benefits package, professional development opportunities, and a collaborative work environment. Apply through our official website.",0
"We are hiring a Warehouse Associate at Northwind Traders. Responsibilities include collaborating with cross-functional teams, contributing to project planning, and delivering high quality work. Competitive salary and benefits offered.",0
"Congratulations! You have been selected for the Sales Executive position. This is a limited time offer, act now! Please pay a refundable security deposit of $49 to confirm your slot and receive your welcome kit.",1
Initech is looking for a Content Writer to join our growing team in Chicago. The ideal candidate has 1 years of experience in the field and strong communication skills. Please submit your resume and cover letter through our careers page.,0
"Urgent hiring! Content Writer needed immediately, apply now and start earning $500 per week from home. No experience required. Send your bank details to receive the joining kit after paying a small registration fee of $150.",1
Initech is expanding its Denver office and is seeking a Software Engineer. Candidates should have a bachelor's degree and relevant experience. Interviews will be conducted over the next few weeks with our hiring panel.,0
"Customer Service Representative vacancy - act now, limited seats! Earn up to $2000 per week. A refundable kit fee of $49 applies. Reply to claim your spot before it's gone.",1
Soylent Corp is expanding its Sydney office and is seeking a Project Manager. Candidates should have a bachelor's degree and relevant experience. Interviews will be conducted over the next few weeks with our hiring panel.,0
"We are hiring a Data Entry Clerk at Wayne Enterprises. Responsibilities include collaborating with cross-functional teams, contributing to project planning, and delivering high quality work. Competitive salary and benefits offered.",0
"Congratulations! You have been selected for the Customer Service Representative position. This is a limited time offer, act now! Please pay a refundable security deposit of $49 to confirm your slot and receive your welcome kit.",1
Wayne Enterprises is expanding its Chicago office and is seeking a Marketing Associate. Candidates should have a bachelor's degree and relevant experience. Interviews will be conducted over the next few weeks with our hiring panel.,0
"Business Analyst vacancy - act now, limited seats! Earn up to $1500 per week. A refundable kit fee of $150 applies. Reply to claim your spot before it's gone.",1
"Customer Service Representative vacancy - act now, limited seats! Earn up to $3000 per week. A refundable kit fee of $99 applies. Reply to claim your spot before it's gone.",1
"Congratulations! You have been selected for the Marketing Associate position. This is a limited time offer, act now! Please pay a refundable security deposit of $25 to confirm your slot and receive your welcome kit.",1
"Join Northwind Traders as a Content Writer! We offer a comprehensive benefits package, professional development opportunities, and a collaborative work environment. Apply through our official website.",0
Acme Corp is expanding its London office and is seeking a Graphic Designer. Candidates should have a bachelor's degree and relevant experience. Interviews will be conducted over the next few weeks with our hiring panel.,0
"Urgent hiring! Graphic Designer needed immediately, apply now and start earning $1200 per week from home. No experience required. Send your bank details to receive the joining kit after paying a small registration fee of $75.",1
"Pied Piper is currently recruiting a Business Analyst based in Denver. You will work with a small, focused team and report to the department head. We offer relocation assistance and a standard benefits package.",0
Globex Inc seeks an experienced Recruiter for our Denver team. This full-time position involves working closely with senior staff on key initiatives. Please apply with your resume via our HR portal.,0
Hooli is expanding its Seattle office and is seeking a Recruiter. Candidates should have a bachelor's degree and relevant experience. Interviews will be conducted over the next few weeks with our hiring panel.,0
"Join Umbrella Solutions as a Marketing Associate! We offer a comprehensive benefits package, professional development opportunities, and a collaborative work environment. Apply through our official website.",0
We are urgently hiring Administrative Assistant candidates. Earn $800 per day working part time. Contact us immediately at recruiter818@gmail.com. Processing fee of $75 required before joining.,1
"Northwind Traders is currently recruiting a Customer Service Representative based in Remote. You will work with a small, focused team and report to the department head. We offer relocation assistance and a standard benefits package.",0
Wonka Innovations is looking for a Content Writer to join our growing team in Boston. The ideal candidate has 4 years of experience in the field and strong communication skills. Please submit your resume and cover letter through our careers page.,0
We are urgently hiring Business Analyst candidates. Earn $800 per day working part time. Contact us immediately at recruiter846@gmail.com. Processing fee of $150 required before joining.,1
"Wayne Enterprises is currently recruiting a Business Analyst based in Denver. You will work with a small, focused team and report to the department head. We offer relocation assistance and a standard benefits package.",0
"Join Vandelay Industries as a Content Writer! We offer a comprehensive benefits package, professional development opportunities, and a collaborative work environment. Apply through our official website.",0
Acme Corp is looking for a Customer Service Representative to join our growing team in Toronto. The ideal candidate has 1 years of experience in the field and strong communication skills. Please submit your resume and cover letter through our careers page.,0
"Urgent hiring! Business Analyst needed immediately, apply now and start earning $500 per week from home. No experience required. Send your bank details to receive the joining kit after paying a small registration fee of $25.",1
Pied Piper is looking for a Customer Service Representative to join our growing team in London. The ideal candidate has 3 years of experience in the field and strong communication skills. Please submit your resume and cover letter through our careers page.,0
"Recruiter vacancy - act now, limited seats! Earn up to $2000 per week. A refundable kit fee of $99 applies. Reply to claim your spot before it's gone.",1
Soylent Corp is expanding its Toronto office and is seeking a Data Entry Clerk. Candidates should have a bachelor's degree and relevant experience. Interviews will be conducted over the next few weeks with our hiring panel.,0
"Congratulations! You have been selected for the Administrative Assistant position. This is a limited time offer, act now! Please pay a refundable security deposit of $75 to confirm your slot and receive your welcome kit.",1
"Immediate joining required for Customer Service Representative. Hurry up, only few slots left! Send $25 training fee via wire transfer to secure your position and start earning $500 monthly.",1
"We are hiring a Customer Service Representative at Acme Corp. Responsibilities include collaborating with cross-functional teams, contributing to project planning, and delivering high quality work. Competitive salary and benefits offered.",0
"Urgent hiring! Marketing Associate needed immediately, apply now and start earning $1500 per week from home. No experience required. Send your bank details to receive the joining kit after paying a small registration fee of $150.",1
"Immediate joining required for Marketing Associate. Hurry up, only few slots left! Send $150 training fee via wire transfer to secure your position and start earning $3000 monthly.",1
"Marketing Associate vacancy - act now, limited seats! Earn up to $2000 per week. A refundable kit fee of $49 applies. Reply to claim your spot before it's gone.",1
"Sales Executive vacancy - act now, limited seats! Earn up to $2000 per week. A refundable kit fee of $150 applies. Reply to claim your spot before it's gone.",1
"Join Northwind Traders as a Graphic Designer! We offer a comprehensive benefits package, professional development opportunities, and a collaborative work environment. Apply through our official website.",0
"Administrative Assistant vacancy - act now, limited seats! Earn up to $1500 per week. A refundable kit fee of $25 applies. Reply to claim your spot before it's gone.",1
"Work from home Virtual Assistant opportunity! No interview needed, guaranteed job. Pay $75 registration fee today and receive your login credentials and starter kit within 24 hours.",1
Pied Piper is looking for a Project Manager to join our growing team in Chicago. The ideal candidate has 2 years of experience in the field and strong communication skills. Please submit your resume and cover letter through our careers page.,0
We are urgently hiring Virtual Assistant candidates. Earn $500 per day working part time. Contact us immediately at recruiter510@gmail.com. Processing fee of $75 required before joining.,1
"Immediate joining required for Customer Service Representative. Hurry up, only few slots left! Send $99 training fee via wire transfer to secure your position and start earning $1500 monthly.",1
"Urgent hiring! Project Manager needed immediately, apply now and start earning $3000 per week from home. No experience required. Send your bank details to receive the joining kit after paying a small registration fee of $150.",1
"Urgent hiring! Project Manager needed immediately, apply now and start earning $500 per week from home. No experience required. Send your bank details to receive the joining kit after paying a small registration fee of $150.",1
"Congratulations! You have been selected for the Administrative Assistant position. This is a limited time offer, act now! Please pay a refundable security deposit of $49 to confirm your slot and receive your welcome kit.",1
Vandelay Industries is looking for a Data Entry Clerk to join our growing team in Sydney. The ideal candidate has 2 years of experience in the field and strong communication skills. Please submit your resume and cover letter through our careers page.,0
"Immediate joining required for Business Analyst. Hurry up, only few slots left! Send $99 training fee via wire transfer to secure your position and start earning $800 monthly.",1
"Umbrella Solutions is currently recruiting a Accountant based in Chicago. You will work with a small, focused team and report to the department head. We offer relocation assistance and a standard benefits package.",0
"Immediate joining required for Sales Executive. Hurry up, only few slots left! Send $150 training fee via wire transfer to secure your position and start earning $3000 monthly.",1
"Congratulations! You have been selected for the Customer Service Representative position. This is a limited time offer, act now! Please pay a refundable security deposit of $25 to confirm your slot and receive your welcome kit.",1
"We are hiring a Virtual Assistant at Acme Corp. Responsibilities include collaborating with cross-functional teams, contributing to project planning, and delivering high quality work. Competitive salary and benefits offered.",0
"We are hiring a Graphic Designer at Globex Inc. Responsibilities include collaborating with cross-functional teams, contributing to project planning, and delivering high quality work. Competitive salary and benefits offered.",0
Wayne Enterprises is looking for a Warehouse Associate to join our growing team in Boston. The ideal candidate has 1 years of experience in the field and strong communication skills. Please submit your resume and cover letter through our careers page.,0
"We are hiring a Marketing Associate at Northwind Traders. Responsibilities include collaborating with cross-functional teams, contributing to project planning, and delivering high quality work. Competitive salary and benefits offered.",0
Initech is looking for a HR Coordinator to join our growing team in Denver. The ideal candidate has 4 years of experience in the field and strong communication skills. Please submit your resume and cover letter through our careers page.,0
Wonka Innovations is expanding its Denver office and is seeking a Recruiter. Candidates should have a bachelor's degree and relevant experience. Interviews will be conducted over the next few weeks with our hiring panel.,0
"We are hiring a Marketing Associate at Hooli. Responsibilities include collaborating with cross-functional teams, contributing to project planning, and delivering high quality work. Competitive salary and benefits offered.",0
"Urgent hiring! Warehouse Associate needed immediately, apply now and start earning $500 per week from home. No experience required. Send your bank details to receive the joining kit after paying a small registration fee of $49.",1
"Immediate joining required for Marketing Associate. Hurry up, only few slots left! Send $150 training fee via wire transfer to secure your position and start earning $800 monthly.",1
"Join Pied Piper as a Business Analyst! We offer a comprehensive benefits package, professional development opportunities, and a collaborative work environment. Apply through our official website.",0
"Recruiter vacancy - act now, limited seats! Earn up to $1200 per week. A refundable kit fee of $75 applies. Reply to claim your spot before it's gone.",1
We are urgently hiring Marketing Associate candidates. Earn $800 per day working part time. Contact us immediately at recruiter488@gmail.com. Processing fee of $99 required before joining.,1
Initech seeks an experienced HR Coordinator for our Sydney team. This full-time position involves working closely with senior staff on key initiatives. Please apply with your resume via our HR portal.,0
Northwind Traders seeks an experienced Recruiter for our Remote team. This full-time position involves working closely with senior staff on key initiatives. Please apply with your resume via our HR portal.,0
We are urgently hiring Recruiter candidates. Earn $3000 per day working part time. Contact us immediately at recruiter317@gmail.com. Processing fee of $75 required before joining.,1
"Immediate joining required for Accountant. Hurry up, only few slots left! Send $75 training fee via wire transfer to secure your position and start earning $2000 monthly.",1
"Work from home Project Manager opportunity! No interview needed, guaranteed job. Pay $75 registration fee today and receive your login credentials and starter kit within 24 hours.",1
"Sales Executive vacancy - act now, limited seats! Earn up to $1500 per week. A refundable kit fee of $75 applies. Reply to claim your spot before it's gone.",1
We are urgently hiring Sales Executive candidates. Earn $3000 per day working part time. Contact us immediately at recruiter324@gmail.com. Processing fee of $150 required before joining.,1
We are urgently hiring Sales Executive candidates. Earn $500 per day working part time. Contact us immediately at recruiter680@gmail.com. Processing fee of $49 required before joining.,1
Initech is looking for a Marketing Associate to join our growing team in Austin. The ideal candidate has 3 years of experience in the field and strong communication skills. Please submit your resume and cover letter through our careers page.,0
"Urgent hiring! Customer Service Representative needed immediately, apply now and start earning $800 per week from home. No experience required. Send your bank details to receive the joining kit after paying a small registration fee of $49.",1
"Work from home Software Engineer opportunity! No interview needed, guaranteed job. Pay $49 registration fee today and receive your login credentials and starter kit within 24 hours.",1
"Stark Industries is currently recruiting a Data Entry Clerk based in Seattle. You will work with a small, focused team and report to the department head. We offer relocation assistance and a standard benefits package.",0
Northwind Traders is expanding its Seattle office and is seeking a HR Coordinator. Candidates should have a bachelor's degree and relevant experience. Interviews will be conducted over the next few weeks with our hiring panel.,0
Pied Piper seeks an experienced Content Writer for our Sydney team. This full-time position involves working closely with senior staff on key initiatives. Please apply with your resume via our HR portal.,0
"Immediate joining required for Recruiter. Hurry up, only few slots left! Send $99 training fee via wire transfer to secure your position and start earning $2000 monthly.",1
"Umbrella Solutions is currently recruiting a Data Entry Clerk based in Toronto. You will work with a small, focused team and report to the department head. We offer relocation assistance and a standard benefits package.",0
"Join Northwind Traders as a Administrative Assistant! We offer a comprehensive benefits package, professional development opportunities, and a collaborative work environment. Apply through our official website.",0
"Soylent Corp is currently recruiting a Software Engineer based in Bangalore. You will work with a small, focused team and report to the department head. We offer relocation assistance and a standard benefits package.",0
Stark Industries seeks an experienced Software Engineer for our Austin team. This full-time position involves working closely with senior staff on key initiatives. Please apply with your resume via our HR portal.,0
"Work from home Business Analyst opportunity! No interview needed, guaranteed job. Pay $25 registration fee today and receive your login credentials and starter kit within 24 hours.",1
"Join Hooli as a Content Writer! We offer a comprehensive benefits package, professional development opportunities, and a collaborative work environment. Apply through our official website.",0
Hooli seeks an experienced Virtual Assistant for our Remote team. This full-time position involves working closely with senior staff on key initiatives. Please apply with your resume via our HR portal.,0
"Urgent hiring! Content Writer needed immediately, apply now and start earning $1500 per week from home. No experience required. Send your bank details to receive the joining kit after paying a small registration fee of $25.",1
Soylent Corp seeks an experienced Marketing Associate for our Toronto team. This full-time position involves working closely with senior staff on key initiatives. Please apply with your resume via our HR portal.,0
We are urgently hiring Recruiter candidates. Earn $3000 per day working part time. Contact us immediately at recruiter723@gmail.com. Processing fee of $25 required before joining.,1
Umbrella Solutions seeks an experienced Administrative Assistant for our Seattle team. This full-time position involves working closely with senior staff on key initiatives. Please apply with your resume via our HR portal.,0
We are urgently hiring Business Analyst candidates. Earn $1200 per day working part time. Contact us immediately at recruiter479@gmail.com. Processing fee of $49 required before joining.,1
"Immediate joining required for Business Analyst. Hurry up, only few slots left! Send $99 training fee via wire transfer to secure your position and start earning $1500 monthly.",1
"Congratulations! You have been selected for the Customer Service Representative position. This is a limited time offer, act now! Please pay a refundable security deposit of $75 to confirm your slot and receive your welcome kit.",1
"Join Pied Piper as a Marketing Associate! We offer a comprehensive benefits package, professional development opportunities, and a collaborative work environment. Apply through our official website.",0
"We are hiring a Software Engineer at Wayne Enterprises. Responsibilities include collaborating with cross-functional teams, contributing to project planning, and delivering high quality work. Competitive salary and benefits offered.",0
"Data Entry Clerk vacancy - act now, limited seats! Earn up to $800 per week. A refundable kit fee of $150 applies. Reply to claim your spot before it's gone.",1
"We are hiring a Business Analyst at Pied Piper. Responsibilities include collaborating with cross-functional teams, contributing to project planning, and delivering high quality work. Competitive salary and benefits offered.",0
"Join Vandelay Industries as a Content Writer! We offer a comprehensive benefits package, professional development opportunities, and a collaborative work environment. Apply through our official website.",0
"Globex Inc is currently recruiting a HR Coordinator based in London. You will work with a small, focused team and report to the department head. We offer relocation assistance and a standard benefits package.",0
"Congratulations! You have been selected for the Data Entry Clerk position. This is a limited time offer, act now! Please pay a refundable security deposit of $99 to confirm your slot and receive your welcome kit.",1
Vandelay Industries is expanding its Remote office and is seeking a Data Entry Clerk. Candidates should have a bachelor's degree and relevant experience. Interviews will be conducted over the next few weeks with our hiring panel.,0
"Immediate joining required for Accountant. Hurry up, only few slots left! Send $75 training fee via wire transfer to secure your position and start earning $800 monthly.",1
Vandelay Industries is expanding its Bangalore office and is seeking a Data Entry Clerk. Candidates should have a bachelor's degree and relevant experience. Interviews will be conducted over the next few weeks with our hiring panel.,0
We are urgently hiring Business Analyst candidates. Earn $1200 per day working part time. Contact us immediately at recruiter334@gmail.com. Processing fee of $25 required before joining.,1
"Work from home Warehouse Associate opportunity! No interview needed, guaranteed job. Pay $150 registration fee today and receive your login credentials and starter kit within 24 hours.",1
"Wayne Enterprises is currently recruiting a Project Manager based in Sydney. You will work with a small, focused team and report to the department head. We offer relocation assistance and a standard benefits package.",0
